DATE,GAS
20-08-1990,1.191
27-08-1990,1.245
03-09-1990,1.242
10-09-1990,1.252
17-09-1990,1.266
24-09-1990,1.272
01-10-1990,1.321
08-10-1990,1.333
15-10-1990,1.339
22-10-1990,1.345
29-10-1990,1.339
05-11-1990,1.334
12-11-1990,1.328
19-11-1990,1.323
26-11-1990,1.311
03-12-1990,1.341
21-01-1991,1.192
28-01-1991,1.168
04-02-1991,1.139
11-02-1991,1.106
18-02-1991,1.078
25-02-1991,1.054
04-03-1991,1.025
11-03-1991,1.045
18-03-1991,1.043
25-03-1991,1.047
01-04-1991,1.052
08-04-1991,1.066
15-04-1991,1.069
22-04-1991,1.090
29-04-1991,1.104
06-05-1991,1.113
13-05-1991,1.121
20-05-1991,1.129
27-05-1991,1.140
03-06-1991,1.138
10-06-1991,1.135
17-06-1991,1.126
24-06-1991,1.114
01-07-1991,1.104
08-07-1991,1.098
15-07-1991,1.094
22-07-1991,1.091
29-07-1991,1.091
05-08-1991,1.099
12-08-1991,1.112
19-08-1991,1.124
26-08-1991,1.124
02-09-1991,1.127
09-09-1991,1.120
16-09-1991,1.110
23-09-1991,1.097
30-09-1991,1.092
07-10-1991,1.089
14-10-1991,1.084
21-10-1991,1.088
28-10-1991,1.091
04-11-1991,1.091
11-11-1991,1.102
18-11-1991,1.104
25-11-1991,1.099
02-12-1991,1.099
09-12-1991,1.091
16-12-1991,1.075
23-12-1991,1.063
30-12-1991,1.053
06-01-1992,1.042
13-01-1992,1.026
20-01-1992,1.014
27-01-1992,1.006
03-02-1992,0.995
10-02-1992,1.004
17-02-1992,1.011
24-02-1992,1.014
02-03-1992,1.012
09-03-1992,1.013
16-03-1992,1.010
23-03-1992,1.015
30-03-1992,1.013
06-04-1992,1.026
13-04-1992,1.051
20-04-1992,1.058
27-04-1992,1.072
04-05-1992,1.089
11-05-1992,1.102
18-05-1992,1.118
25-05-1992,1.120
01-06-1992,1.128
08-06-1992,1.143
15-06-1992,1.151
22-06-1992,1.153
29-06-1992,1.149
06-07-1992,1.147
13-07-1992,1.139
20-07-1992,1.132
27-07-1992,1.128
03-08-1992,1.126
10-08-1992,1.123
17-08-1992,1.116
24-08-1992,1.123
31-08-1992,1.121
07-09-1992,1.121
14-09-1992,1.124
21-09-1992,1.123
28-09-1992,1.118
05-10-1992,1.115
12-10-1992,1.115
19-10-1992,1.113
26-10-1992,1.113
02-11-1992,1.120
09-11-1992,1.120
16-11-1992,1.112
23-11-1992,1.106
30-11-1992,1.098
07-12-1992,1.089
14-12-1992,1.078
21-12-1992,1.074
28-12-1992,1.069
04-01-1993,1.065
11-01-1993,1.066
18-01-1993,1.061
25-01-1993,1.055
01-02-1993,1.055
08-02-1993,1.062
15-02-1993,1.053
22-02-1993,1.047
01-03-1993,1.042
08-03-1993,1.048
15-03-1993,1.058
22-03-1993,1.056
29-03-1993,1.057
05-04-1993,1.068
12-04-1993,1.079
19-04-1993,1.079
26-04-1993,1.086
03-05-1993,1.086
10-05-1993,1.097
17-05-1993,1.106
24-05-1993,1.106
31-05-1993,1.107
07-06-1993,1.104
14-06-1993,1.101
21-06-1993,1.095
28-06-1993,1.089
05-07-1993,1.086
12-07-1993,1.081
19-07-1993,1.075
26-07-1993,1.069
02-08-1993,1.062
09-08-1993,1.060
16-08-1993,1.059
23-08-1993,1.065
30-08-1993,1.062
06-09-1993,1.055
13-09-1993,1.051
20-09-1993,1.045
27-09-1993,1.047
04-10-1993,1.092
11-10-1993,1.090
18-10-1993,1.093
25-10-1993,1.092
01-11-1993,1.084
08-11-1993,1.075
15-11-1993,1.064
22-11-1993,1.058
29-11-1993,1.051
06-12-1993,1.036
13-12-1993,1.018
20-12-1993,1.003
27-12-1993,0.999
03-01-1994,0.992
10-01-1994,0.995
17-01-1994,1.001
24-01-1994,0.999
31-01-1994,1.005
07-02-1994,1.007
14-02-1994,1.016
21-02-1994,1.009
28-02-1994,1.004
07-03-1994,1.007
14-03-1994,1.005
21-03-1994,1.007
28-03-1994,1.012
04-04-1994,1.011
11-04-1994,1.028
18-04-1994,1.033
25-04-1994,1.037
02-05-1994,1.040
09-05-1994,1.045
16-05-1994,1.046
23-05-1994,1.050
30-05-1994,1.056
06-06-1994,1.065
13-06-1994,1.073
20-06-1994,1.079
27-06-1994,1.095
04-07-1994,1.097
11-07-1994,1.103
18-07-1994,1.109
25-07-1994,1.114
01-08-1994,1.130
08-08-1994,1.157
15-08-1994,1.161
22-08-1994,1.165
29-08-1994,1.161
05-09-1994,1.156
12-09-1994,1.150
19-09-1994,1.140
26-09-1994,1.129
03-10-1994,1.120
10-10-1994,1.114
17-10-1994,1.106
24-10-1994,1.107
31-10-1994,1.121
07-11-1994,1.123
14-11-1994,1.122
21-11-1994,1.113
28-11-1994,1.082
05-12-1994,1.075
12-12-1994,1.064
19-12-1994,1.056
26-12-1994,1.044
02-01-1995,1.063
09-01-1995,1.070
16-01-1995,1.062
23-01-1995,1.068
30-01-1995,1.068
06-02-1995,1.062
13-02-1995,1.058
20-02-1995,1.052
27-02-1995,1.060
06-03-1995,1.063
13-03-1995,1.056
20-03-1995,1.055
27-03-1995,1.063
03-04-1995,1.077
10-04-1995,1.094
17-04-1995,1.110
24-04-1995,1.133
01-05-1995,1.141
08-05-1995,1.164
15-05-1995,1.173
22-05-1995,1.191
29-05-1995,1.193
05-06-1995,1.194
12-06-1995,1.190
19-06-1995,1.183
26-06-1995,1.177
03-07-1995,1.169
10-07-1995,1.159
17-07-1995,1.148
24-07-1995,1.138
31-07-1995,1.126
07-08-1995,1.124
14-08-1995,1.121
21-08-1995,1.122
28-08-1995,1.113
04-09-1995,1.111
11-09-1995,1.107
18-09-1995,1.106
25-09-1995,1.106
02-10-1995,1.100
09-10-1995,1.092
16-10-1995,1.081
23-10-1995,1.073
30-10-1995,1.062
06-11-1995,1.060
13-11-1995,1.059
20-11-1995,1.056
27-11-1995,1.057
04-12-1995,1.058
11-12-1995,1.057
18-12-1995,1.072
25-12-1995,1.075
01-01-1996,1.077
08-01-1996,1.086
15-01-1996,1.092
22-01-1996,1.084
29-01-1996,1.079
05-02-1996,1.076
12-02-1996,1.073
19-02-1996,1.078
26-02-1996,1.099
04-03-1996,1.115
11-03-1996,1.116
18-03-1996,1.128
25-03-1996,1.158
01-04-1996,1.172
08-04-1996,1.195
15-04-1996,1.234
22-04-1996,1.243
29-04-1996,1.257
06-05-1996,1.259
13-05-1996,1.262
20-05-1996,1.269
27-05-1996,1.260
03-06-1996,1.252
10-06-1996,1.247
17-06-1996,1.241
24-06-1996,1.230
01-07-1996,1.219
08-07-1996,1.217
15-07-1996,1.215
22-07-1996,1.215
29-07-1996,1.209
05-08-1996,1.199
12-08-1996,1.196
19-08-1996,1.199
26-08-1996,1.201
02-09-1996,1.193
09-09-1996,1.201
16-09-1996,1.203
23-09-1996,1.203
30-09-1996,1.199
07-10-1996,1.191
14-10-1996,1.203
21-10-1996,1.205
28-10-1996,1.217
04-11-1996,1.225
11-11-1996,1.229
18-11-1996,1.238
25-11-1996,1.246
02-12-1996,1.242
09-12-1996,1.241
16-12-1996,1.233
23-12-1996,1.227
30-12-1996,1.224
06-01-1997,1.220
13-01-1997,1.235
20-01-1997,1.236
27-01-1997,1.232
03-02-1997,1.230
10-02-1997,1.227
17-02-1997,1.220
24-02-1997,1.217
03-03-1997,1.208
10-03-1997,1.199
17-03-1997,1.191
24-03-1997,1.196
31-03-1997,1.191
07-04-1997,1.192
14-04-1997,1.187
21-04-1997,1.188
28-04-1997,1.185
05-05-1997,1.182
12-05-1997,1.182
19-05-1997,1.195
26-05-1997,1.204
02-06-1997,1.206
09-06-1997,1.198
16-06-1997,1.189
23-06-1997,1.179
30-06-1997,1.171
07-07-1997,1.169
14-07-1997,1.165
21-07-1997,1.170
28-07-1997,1.164
04-08-1997,1.185
11-08-1997,1.219
18-08-1997,1.218
25-08-1997,1.230
01-09-1997,1.229
08-09-1997,1.227
15-09-1997,1.219
22-09-1997,1.208
29-09-1997,1.195
06-10-1997,1.195
13-10-1997,1.187
20-10-1997,1.178
27-10-1997,1.168
03-11-1997,1.163
10-11-1997,1.164
17-11-1997,1.156
24-11-1997,1.150
01-12-1997,1.140
08-12-1997,1.128
15-12-1997,1.118
22-12-1997,1.108
29-12-1997,1.099
05-01-1998,1.089
12-01-1998,1.083
19-01-1998,1.072
26-01-1998,1.055
02-02-1998,1.051
09-02-1998,1.045
16-02-1998,1.032
23-02-1998,1.038
02-03-1998,1.025
09-03-1998,1.017
16-03-1998,1.006
23-03-1998,0.998
30-03-1998,1.026
06-04-1998,1.023
13-04-1998,1.018
20-04-1998,1.021
27-04-1998,1.032
04-05-1998,1.038
11-05-1998,1.052
18-05-1998,1.055
25-05-1998,1.052
01-06-1998,1.047
08-06-1998,1.060
15-06-1998,1.049
22-06-1998,1.041
29-06-1998,1.042
06-07-1998,1.041
13-07-1998,1.037
20-07-1998,1.044
27-07-1998,1.035
03-08-1998,1.023
10-08-1998,1.018
17-08-1998,1.011
24-08-1998,1.004
31-08-1998,0.998
07-09-1998,0.991
14-09-1998,0.987
21-09-1998,0.999
28-09-1998,0.999
05-10-1998,1.006
12-10-1998,1.010
19-10-1998,1.007
26-10-1998,1.001
02-11-1998,0.997
09-11-1998,0.994
16-11-1998,0.981
23-11-1998,0.971
30-11-1998,0.954
07-12-1998,0.933
14-12-1998,0.923
21-12-1998,0.921
28-12-1998,0.914
04-01-1999,0.913
11-01-1999,0.920
18-01-1999,0.921
25-01-1999,0.913
01-02-1999,0.908
08-02-1999,0.907
15-02-1999,0.899
22-02-1999,0.885
01-03-1999,0.891
08-03-1999,0.900
15-03-1999,0.958
22-03-1999,0.999
29-03-1999,1.055
05-04-1999,1.087
12-04-1999,1.107
19-04-1999,1.103
26-04-1999,1.099
03-05-1999,1.107
10-05-1999,1.109
17-05-1999,1.112
24-05-1999,1.101
31-05-1999,1.088
07-06-1999,1.092
14-06-1999,1.088
21-06-1999,1.105
28-06-1999,1.095
05-07-1999,1.110
12-07-1999,1.123
19-07-1999,1.148
26-07-1999,1.172
02-08-1999,1.172
09-08-1999,1.183
16-08-1999,1.214
23-08-1999,1.212
30-08-1999,1.214
06-09-1999,1.223
13-09-1999,1.234
20-09-1999,1.252
27-09-1999,1.248
04-10-1999,1.242
11-10-1999,1.234
18-10-1999,1.220
25-10-1999,1.225
01-11-1999,1.218
08-11-1999,1.222
15-11-1999,1.240
22-11-1999,1.258
29-11-1999,1.262
06-12-1999,1.260
13-12-1999,1.263
20-12-1999,1.257
27-12-1999,1.263
03-01-2000,1.260
10-01-2000,1.252
17-01-2000,1.268
24-01-2000,1.307
31-01-2000,1.307
07-02-2000,1.319
14-02-2000,1.350
21-02-2000,1.400
28-02-2000,1.413
06-03-2000,1.490
13-03-2000,1.511
20-03-2000,1.508
27-03-2000,1.484
03-04-2000,1.478
10-04-2000,1.447
17-04-2000,1.415
24-04-2000,1.406
01-05-2000,1.386
08-05-2000,1.427
15-05-2000,1.466
22-05-2000,1.494
29-05-2000,1.509
05-06-2000,1.535
12-06-2000,1.607
19-06-2000,1.664
26-06-2000,1.641
03-07-2000,1.606
10-07-2000,1.571
17-07-2000,1.521
24-07-2000,1.499
31-07-2000,1.447
07-08-2000,1.437
14-08-2000,1.420
21-08-2000,1.444
28-08-2000,1.456
04-09-2000,1.502
11-09-2000,1.535
18-09-2000,1.539
25-09-2000,1.525
02-10-2000,1.498
09-10-2000,1.473
16-10-2000,1.516
23-10-2000,1.532
30-10-2000,1.523
06-11-2000,1.502
13-11-2000,1.501
20-11-2000,1.487
27-11-2000,1.489
04-12-2000,1.464
11-12-2000,1.425
18-12-2000,1.396
25-12-2000,1.388
01-01-2001,1.377
08-01-2001,1.400
15-01-2001,1.458
22-01-2001,1.456
29-01-2001,1.446
05-02-2001,1.426
12-02-2001,1.460
19-02-2001,1.429
26-02-2001,1.410
05-03-2001,1.393
12-03-2001,1.387
19-03-2001,1.377
26-03-2001,1.379
02-04-2001,1.411
09-04-2001,1.469
16-04-2001,1.535
23-04-2001,1.586
30-04-2001,1.585
07-05-2001,1.659
14-05-2001,1.663
21-05-2001,1.637
28-05-2001,1.656
04-06-2001,1.630
11-06-2001,1.580
18-06-2001,1.526
25-06-2001,1.454
02-07-2001,1.384
09-07-2001,1.350
16-07-2001,1.330
23-07-2001,1.318
30-07-2001,1.319
06-08-2001,1.319
13-08-2001,1.347
20-08-2001,1.399
27-08-2001,1.480
03-09-2001,1.538
10-09-2001,1.511
17-09-2001,1.516
24-09-2001,1.460
01-10-2001,1.381
08-10-2001,1.310
15-10-2001,1.264
22-10-2001,1.221
29-10-2001,1.193
05-11-2001,1.170
12-11-2001,1.147
19-11-2001,1.140
26-11-2001,1.097
03-12-2001,1.084
10-12-2001,1.075
17-12-2001,1.042
24-12-2001,1.063
31-12-2001,1.096
07-01-2002,1.109
14-01-2002,1.099
21-01-2002,1.087
28-01-2002,1.081
04-02-2002,1.098
11-02-2002,1.085
18-02-2002,1.089
25-02-2002,1.087
04-03-2002,1.118
11-03-2002,1.194
18-03-2002,1.262
25-03-2002,1.308
01-04-2002,1.339
08-04-2002,1.382
15-04-2002,1.368
22-04-2002,1.367
29-04-2002,1.353
06-05-2002,1.356
13-05-2002,1.349
20-05-2002,1.360
27-05-2002,1.348
03-06-2002,1.353
10-06-2002,1.332
17-06-2002,1.335
24-06-2002,1.342
01-07-2002,1.357
08-07-2002,1.345
15-07-2002,1.361
22-07-2002,1.381
29-07-2002,1.376
05-08-2002,1.355
12-08-2002,1.355
19-08-2002,1.357
26-08-2002,1.365
02-09-2002,1.353
09-09-2002,1.355
16-09-2002,1.367
23-09-2002,1.357
30-09-2002,1.385
07-10-2002,1.416
14-10-2002,1.422
21-10-2002,1.443
28-10-2002,1.427
04-11-2002,1.427
11-11-2002,1.406
18-11-2002,1.370
25-11-2002,1.336
02-12-2002,1.316
09-12-2002,1.316
16-12-2002,1.322
23-12-2002,1.371
30-12-2002,1.417
06-01-2003,1.412
13-01-2003,1.423
20-01-2003,1.422
27-01-2003,1.437
03-02-2003,1.499
10-02-2003,1.582
17-02-2003,1.630
24-02-2003,1.617
03-03-2003,1.641
10-03-2003,1.663
17-03-2003,1.673
24-03-2003,1.626
31-03-2003,1.577
07-04-2003,1.557
14-04-2003,1.521
21-04-2003,1.504
28-04-2003,1.486
05-05-2003,1.441
12-05-2003,1.427
19-05-2003,1.444
26-05-2003,1.439
02-06-2003,1.428
09-06-2003,1.456
16-06-2003,1.480
23-06-2003,1.451
30-06-2003,1.443
07-07-2003,1.448
14-07-2003,1.489
21-07-2003,1.496
28-07-2003,1.488
04-08-2003,1.516
11-08-2003,1.550
18-08-2003,1.594
25-08-2003,1.693
01-09-2003,1.688
08-09-2003,1.653
15-09-2003,1.636
22-09-2003,1.580
29-09-2003,1.524
06-10-2003,1.511
13-10-2003,1.515
20-10-2003,1.527
27-10-2003,1.499
03-11-2003,1.494
10-11-2003,1.464
17-11-2003,1.459
24-11-2003,1.478
01-12-2003,1.454
08-12-2003,1.441
15-12-2003,1.433
22-12-2003,1.459
29-12-2003,1.454
05-01-2004,1.492
12-01-2004,1.544
19-01-2004,1.579
26-01-2004,1.604
02-02-2004,1.591
09-02-2004,1.609
16-02-2004,1.617
23-02-2004,1.641
01-03-2004,1.664
08-03-2004,1.690
15-03-2004,1.675
22-03-2004,1.698
29-03-2004,1.716
05-04-2004,1.737
12-04-2004,1.740
19-04-2004,1.773
26-04-2004,1.774
03-05-2004,1.811
10-05-2004,1.904
17-05-2004,1.979
24-05-2004,2.026
31-05-2004,2.004
07-06-2004,1.983
14-06-2004,1.926
21-06-2004,1.873
28-06-2004,1.859
05-07-2004,1.835
12-07-2004,1.869
19-07-2004,1.888
26-07-2004,1.861
02-08-2004,1.846
09-08-2004,1.839
16-08-2004,1.842
23-08-2004,1.854
30-08-2004,1.827
06-09-2004,1.815
13-09-2004,1.813
20-09-2004,1.839
27-09-2004,1.895
04-10-2004,1.902
11-10-2004,1.949
18-10-2004,1.984
25-10-2004,1.980
01-11-2004,1.986
08-11-2004,1.951
15-11-2004,1.918
22-11-2004,1.901
29-11-2004,1.903
06-12-2004,1.868
13-12-2004,1.799
20-12-2004,1.777
27-12-2004,1.754
03-01-2005,1.745
10-01-2005,1.771
17-01-2005,1.802
24-01-2005,1.839
31-01-2005,1.896
07-02-2005,1.890
14-02-2005,1.873
21-02-2005,1.878
28-02-2005,1.904
07-03-2005,1.979
14-03-2005,2.039
21-03-2005,2.095
28-03-2005,2.137
04-04-2005,2.196
11-04-2005,2.251
18-04-2005,2.198
25-04-2005,2.197
02-05-2005,2.191
09-05-2005,2.137
16-05-2005,2.116
23-05-2005,2.077
30-05-2005,2.051
06-06-2005,2.078
13-06-2005,2.099
20-06-2005,2.128
27-06-2005,2.186
04-07-2005,2.189
11-07-2005,2.292
18-07-2005,2.272
25-07-2005,2.235
01-08-2005,2.239
08-08-2005,2.323
15-08-2005,2.519
22-08-2005,2.583
29-08-2005,2.581
05-09-2005,3.037
12-09-2005,2.912
19-09-2005,2.730
26-09-2005,2.767
03-10-2005,2.922
10-10-2005,2.828
17-10-2005,2.693
24-10-2005,2.564
31-10-2005,2.438
07-11-2005,2.336
14-11-2005,2.258
21-11-2005,2.168
28-11-2005,2.124
05-12-2005,2.127
12-12-2005,2.175
19-12-2005,2.205
26-12-2005,2.188
02-01-2006,2.236
09-01-2006,2.321
16-01-2006,2.297
23-01-2006,2.314
30-01-2006,2.332
06-02-2006,2.310
13-02-2006,2.246
20-02-2006,2.205
27-02-2006,2.236
06-03-2006,2.321
13-03-2006,2.355
20-03-2006,2.495
27-03-2006,2.479
03-04-2006,2.567
10-04-2006,2.663
17-04-2006,2.764
24-04-2006,2.881
01-05-2006,2.866
08-05-2006,2.834
15-05-2006,2.871
22-05-2006,2.801
29-05-2006,2.784
05-06-2006,2.811
12-06-2006,2.833
19-06-2006,2.793
26-06-2006,2.796
03-07-2006,2.873
10-07-2006,2.910
17-07-2006,2.928
24-07-2006,2.950
31-07-2006,2.955
07-08-2006,3.004
14-08-2006,2.958
21-08-2006,2.877
28-08-2006,2.800
04-09-2006,2.680
11-09-2006,2.563
18-09-2006,2.441
25-09-2006,2.320
02-10-2006,2.263
09-10-2006,2.222
16-10-2006,2.195
23-10-2006,2.186
30-10-2006,2.204
06-11-2006,2.189
13-11-2006,2.216
20-11-2006,2.218
27-11-2006,2.221
04-12-2006,2.277
11-12-2006,2.267
18-12-2006,2.290
25-12-2006,2.303
01-01-2007,2.296
08-01-2007,2.258
15-01-2007,2.173
22-01-2007,2.107
29-01-2007,2.119
05-02-2007,2.151
12-02-2007,2.198
19-02-2007,2.251
26-02-2007,2.338
05-03-2007,2.460
12-03-2007,2.499
19-03-2007,2.511
26-03-2007,2.540
02-04-2007,2.636
09-04-2007,2.746
16-04-2007,2.822
23-04-2007,2.811
30-04-2007,2.922
07-05-2007,3.002
14-05-2007,3.069
21-05-2007,3.211
28-05-2007,3.195
04-06-2007,3.132
11-06-2007,3.040
18-06-2007,2.974
25-06-2007,2.951
02-07-2007,2.933
09-07-2007,2.971
16-07-2007,3.046
23-07-2007,2.938
30-07-2007,2.849
06-08-2007,2.816
13-08-2007,2.752
20-08-2007,2.783
27-08-2007,2.756
03-09-2007,2.818
10-09-2007,2.840
17-09-2007,2.792
24-09-2007,2.816
01-10-2007,2.784
08-10-2007,2.761
15-10-2007,2.746
22-10-2007,2.806
29-10-2007,2.859
05-11-2007,3.007
12-11-2007,3.101
19-11-2007,3.077
26-11-2007,3.072
03-12-2007,3.029
10-12-2007,2.957
17-12-2007,2.962
24-12-2007,2.943
31-12-2007,3.028
07-01-2008,3.088
14-01-2008,3.041
21-01-2008,2.991
28-01-2008,2.953
04-02-2008,2.966
11-02-2008,2.947
18-02-2008,3.035
25-02-2008,3.115
03-03-2008,3.137
10-03-2008,3.200
17-03-2008,3.257
24-03-2008,3.224
31-03-2008,3.259
07-04-2008,3.299
14-04-2008,3.350
21-04-2008,3.467
28-04-2008,3.566
05-05-2008,3.571
12-05-2008,3.694
19-05-2008,3.762
26-05-2008,3.913
02-06-2008,3.932
09-06-2008,3.979
16-06-2008,4.007
23-06-2008,4.002
30-06-2008,4.027
07-07-2008,4.051
14-07-2008,4.054
21-07-2008,4.005
28-07-2008,3.896
04-08-2008,3.828
11-08-2008,3.764
18-08-2008,3.706
25-08-2008,3.660
01-09-2008,3.667
08-09-2008,3.637
15-09-2008,3.867
22-09-2008,3.732
29-09-2008,3.644
06-10-2008,3.485
13-10-2008,3.109
20-10-2008,2.855
27-10-2008,2.589
03-11-2008,2.340
10-11-2008,2.170
17-11-2008,2.027
24-11-2008,1.857
01-12-2008,1.790
08-12-2008,1.681
15-12-2008,1.648
22-12-2008,1.635
29-12-2008,1.590
05-01-2009,1.672
12-01-2009,1.772
19-01-2009,1.832
26-01-2009,1.813
02-02-2009,1.871
09-02-2009,1.897
16-02-2009,1.931
23-02-2009,1.868
02-03-2009,1.910
09-03-2009,1.918
16-03-2009,1.885
23-03-2009,1.944
30-03-2009,2.030
06-04-2009,2.011
13-04-2009,2.025
20-04-2009,2.031
27-04-2009,2.016
04-05-2009,2.045
11-05-2009,2.218
18-05-2009,2.281
25-05-2009,2.414
01-06-2009,2.502
08-06-2009,2.600
15-06-2009,2.639
22-06-2009,2.650
29-06-2009,2.593
06-07-2009,2.563
13-07-2009,2.479
20-07-2009,2.411
27-07-2009,2.460
03-08-2009,2.511
10-08-2009,2.596
17-08-2009,2.580
24-08-2009,2.572
31-08-2009,2.553
07-09-2009,2.519
14-09-2009,2.499
21-09-2009,2.477
28-09-2009,2.425
05-10-2009,2.396
12-10-2009,2.432
19-10-2009,2.532
26-10-2009,2.641
02-11-2009,2.660
09-11-2009,2.627
16-11-2009,2.585
23-11-2009,2.603
30-11-2009,2.594
07-12-2009,2.601
14-12-2009,2.560
21-12-2009,2.546
28-12-2009,2.564
04-01-2010,2.627
11-01-2010,2.717
18-01-2010,2.703
25-01-2010,2.666
01-02-2010,2.618
08-02-2010,2.611
15-02-2010,2.563
22-02-2010,2.621
01-03-2010,2.671
08-03-2010,2.721
15-03-2010,2.760
22-03-2010,2.792
29-03-2010,2.765
05-04-2010,2.795
12-04-2010,2.829
19-04-2010,2.831
26-04-2010,2.815
03-05-2010,2.864
10-05-2010,2.870
17-05-2010,2.823
24-05-2010,2.741
31-05-2010,2.679
07-06-2010,2.674
14-06-2010,2.652
21-06-2010,2.696
28-06-2010,2.712
05-07-2010,2.676
12-07-2010,2.666
19-07-2010,2.672
26-07-2010,2.703
02-08-2010,2.687
09-08-2010,2.740
16-08-2010,2.696
23-08-2010,2.653
30-08-2010,2.640
06-09-2010,2.647
13-09-2010,2.695
20-09-2010,2.703
27-09-2010,2.668
04-10-2010,2.705
11-10-2010,2.793
18-10-2010,2.795
25-10-2010,2.772
01-11-2010,2.760
08-11-2010,2.832
15-11-2010,2.849
22-11-2010,2.828
29-11-2010,2.805
06-12-2010,2.917
13-12-2010,2.937
20-12-2010,2.934
27-12-2010,3.015
03-01-2011,3.034
10-01-2011,3.052
17-01-2011,3.068
24-01-2011,3.074
31-01-2011,3.061
07-02-2011,3.094
14-02-2011,3.095
21-02-2011,3.141
28-02-2011,3.341
07-03-2011,3.473
14-03-2011,3.517
21-03-2011,3.507
28-03-2011,3.538
04-04-2011,3.635
11-04-2011,3.743
18-04-2011,3.787
25-04-2011,3.817
02-05-2011,3.906
09-05-2011,3.907
16-05-2011,3.905
23-05-2011,3.788
30-05-2011,3.741
06-06-2011,3.738
13-06-2011,3.664
20-06-2011,3.597
27-06-2011,3.513
04-07-2011,3.534
11-07-2011,3.608
18-07-2011,3.648
25-07-2011,3.667
01-08-2011,3.684
08-08-2011,3.646
15-08-2011,3.576
22-08-2011,3.552
29-08-2011,3.601
05-09-2011,3.643
12-09-2011,3.629
19-09-2011,3.560
26-09-2011,3.461
03-10-2011,3.381
10-10-2011,3.368
17-10-2011,3.431
24-10-2011,3.415
31-10-2011,3.405
07-11-2011,3.370
14-11-2011,3.388
21-11-2011,3.312
28-11-2011,3.248
05-12-2011,3.240
12-12-2011,3.244
19-12-2011,3.183
26-12-2011,3.213
02-01-2012,3.254
09-01-2012,3.333
16-01-2012,3.342
23-01-2012,3.333
30-01-2012,3.386
06-02-2012,3.436
13-02-2012,3.466
20-02-2012,3.523
27-02-2012,3.641
05-03-2012,3.717
12-03-2012,3.747
19-03-2012,3.787
26-03-2012,3.843
02-04-2012,3.874
09-04-2012,3.877
16-04-2012,3.867
23-04-2012,3.805
30-04-2012,3.764
07-05-2012,3.718
14-05-2012,3.658
21-05-2012,3.622
28-05-2012,3.575
04-06-2012,3.518
11-06-2012,3.489
18-06-2012,3.473
25-06-2012,3.378
02-07-2012,3.291
09-07-2012,3.357
16-07-2012,3.364
23-07-2012,3.435
30-07-2012,3.450
06-08-2012,3.606
13-08-2012,3.662
20-08-2012,3.682
27-08-2012,3.722
03-09-2012,3.797
10-09-2012,3.799
17-09-2012,3.832
24-09-2012,3.775
01-10-2012,3.750
08-10-2012,3.742
15-10-2012,3.713
22-10-2012,3.582
29-10-2012,3.480
05-11-2012,3.406
12-11-2012,3.372
19-11-2012,3.360
26-11-2012,3.382
03-12-2012,3.337
10-12-2012,3.297
17-12-2012,3.198
24-12-2012,3.205
31-12-2012,3.245
07-01-2013,3.233
14-01-2013,3.236
21-01-2013,3.254
28-01-2013,3.296
04-02-2013,3.471
11-02-2013,3.537
18-02-2013,3.690
25-02-2013,3.722
04-03-2013,3.698
11-03-2013,3.644
18-03-2013,3.633
25-03-2013,3.616
01-04-2013,3.572
08-04-2013,3.539
15-04-2013,3.469
22-04-2013,3.472
29-04-2013,3.455
06-05-2013,3.478
13-05-2013,3.543
20-05-2013,3.636
27-05-2013,3.601
03-06-2013,3.610
10-06-2013,3.619
17-06-2013,3.577
24-06-2013,3.498
01-07-2013,3.410
08-07-2013,3.413
15-07-2013,3.570
22-07-2013,3.612
29-07-2013,3.570
05-08-2013,3.566
12-08-2013,3.493
19-08-2013,3.496
26-08-2013,3.504
02-09-2013,3.575
09-09-2013,3.540
16-09-2013,3.475
23-09-2013,3.425
30-09-2013,3.354
07-10-2013,3.298
14-10-2013,3.296
21-10-2013,3.310
28-10-2013,3.235
04-11-2013,3.209
11-11-2013,3.133
18-11-2013,3.161
25-11-2013,3.241
02-12-2013,3.209
09-12-2013,3.208
16-12-2013,3.165
23-12-2013,3.198
30-12-2013,3.264
06-01-2014,3.261
13-01-2014,3.267
20-01-2014,3.240
27-01-2014,3.241
03-02-2014,3.243
10-02-2014,3.257
17-02-2014,3.326
24-02-2014,3.394
03-03-2014,3.421
10-03-2014,3.452
17-03-2014,3.489
24-03-2014,3.487
31-03-2014,3.521
07-04-2014,3.533
14-04-2014,3.581
21-04-2014,3.612
28-04-2014,3.635
05-05-2014,3.606
12-05-2014,3.597
19-05-2014,3.593
26-05-2014,3.607
02-06-2014,3.624
09-06-2014,3.610
16-06-2014,3.621
23-06-2014,3.639
30-06-2014,3.635
07-07-2014,3.605
14-07-2014,3.560
21-07-2014,3.523
28-07-2014,3.468
04-08-2014,3.449
11-08-2014,3.447
18-08-2014,3.408
25-08-2014,3.397
01-09-2014,3.410
08-09-2014,3.406
15-09-2014,3.352
22-09-2014,3.296
29-09-2014,3.304
06-10-2014,3.246
13-10-2014,3.147
20-10-2014,3.070
27-10-2014,3.016
03-11-2014,2.956
10-11-2014,2.907
17-11-2014,2.856
24-11-2014,2.781
01-12-2014,2.738
08-12-2014,2.634
15-12-2014,2.499
22-12-2014,2.341
29-12-2014,2.229
05-01-2015,2.136
12-01-2015,2.066
19-01-2015,1.999
26-01-2015,1.982
02-02-2015,2.013
09-02-2015,2.133
16-02-2015,2.206
23-02-2015,2.256
02-03-2015,2.360
09-03-2015,2.367
16-03-2015,2.339
23-03-2015,2.347
30-03-2015,2.348
06-04-2015,2.315
13-04-2015,2.317
20-04-2015,2.393
27-04-2015,2.451
04-05-2015,2.517
11-05-2015,2.547
18-05-2015,2.604
25-05-2015,2.642
01-06-2015,2.656
08-06-2015,2.668
15-06-2015,2.744
22-06-2015,2.720
29-06-2015,2.713
06-07-2015,2.702
13-07-2015,2.694
20-07-2015,2.661
27-07-2015,2.605
03-08-2015,2.555
10-08-2015,2.505
17-08-2015,2.608
24-08-2015,2.534
31-08-2015,2.406
07-09-2015,2.337
14-09-2015,2.280
21-09-2015,2.237
28-09-2015,2.246
05-10-2015,2.252
12-10-2015,2.283
19-10-2015,2.220
26-10-2015,2.166
02-11-2015,2.170
09-11-2015,2.172
16-11-2015,2.110
23-11-2015,2.015
30-11-2015,1.974
07-12-2015,1.969
14-12-2015,1.953
21-12-2015,1.929
28-12-2015,1.933
04-01-2016,1.922
11-01-2016,1.888
18-01-2016,1.810
25-01-2016,1.752
01-02-2016,1.729
08-02-2016,1.663
15-02-2016,1.638
22-02-2016,1.661
29-02-2016,1.715
07-03-2016,1.782
14-03-2016,1.888
21-03-2016,1.935
28-03-2016,1.976
04-04-2016,1.994
11-04-2016,1.981
18-04-2016,2.053
25-04-2016,2.080
02-05-2016,2.168
09-05-2016,2.143
16-05-2016,2.170
23-05-2016,2.235
30-05-2016,2.281
06-06-2016,2.328
13-06-2016,2.343
20-06-2016,2.290
27-06-2016,2.250
04-07-2016,2.205
11-07-2016,2.171
18-07-2016,2.148
25-07-2016,2.105
01-08-2016,2.091
08-08-2016,2.087
15-08-2016,2.096
22-08-2016,2.136
29-08-2016,2.187
05-09-2016,2.170
12-09-2016,2.138
19-09-2016,2.170
26-09-2016,2.166
03-10-2016,2.184
10-10-2016,2.216
17-10-2016,2.198
24-10-2016,2.175
31-10-2016,2.159
07-11-2016,2.157
14-11-2016,2.105
21-11-2016,2.078
28-11-2016,2.079
05-12-2016,2.137
12-12-2016,2.174
19-12-2016,2.203
26-12-2016,2.254
02-01-2017,2.319
09-01-2017,2.328
16-01-2017,2.298
23-01-2017,2.258
30-01-2017,2.224
06-02-2017,2.221
13-02-2017,2.228
20-02-2017,2.224
27-02-2017,2.233
06-03-2017,2.264
13-03-2017,2.242
20-03-2017,2.238
27-03-2017,2.228
03-04-2017,2.281
10-04-2017,2.351
17-04-2017,2.356
24-04-2017,2.372
01-05-2017,2.331
08-05-2017,2.288
15-05-2017,2.283
22-05-2017,2.306
29-05-2017,2.308
05-06-2017,2.325
12-06-2017,2.276
19-06-2017,2.224
26-06-2017,2.201
03-07-2017,2.163
10-07-2017,2.210
17-07-2017,2.188
24-07-2017,2.224
31-07-2017,2.269
07-08-2017,2.290
14-08-2017,2.301
21-08-2017,2.273
28-08-2017,2.322
04-09-2017,2.604
11-09-2017,2.610
18-09-2017,2.559
25-09-2017,2.508
02-10-2017,2.493
09-10-2017,2.426
16-10-2017,2.413
23-10-2017,2.406
30-10-2017,2.410
06-11-2017,2.468
13-11-2017,2.504
20-11-2017,2.480
27-11-2017,2.444
04-12-2017,2.410
11-12-2017,2.401
18-12-2017,2.358
25-12-2017,2.384
01-01-2018,2.436
08-01-2018,2.429
15-01-2018,2.473
22-01-2018,2.482
29-01-2018,2.516
05-02-2018,2.544
12-02-2018,2.511
19-02-2018,2.455
26-02-2018,2.442
05-03-2018,2.462
12-03-2018,2.455
19-03-2018,2.494
26-03-2018,2.541
02-04-2018,2.592
09-04-2018,2.587
16-04-2018,2.644
23-04-2018,2.696
30-04-2018,2.741
07-05-2018,2.733
14-05-2018,2.786
21-05-2018,2.834
28-05-2018,2.877
04-06-2018,2.849
11-06-2018,2.822
18-06-2018,2.790
25-06-2018,2.745
02-07-2018,2.762
09-07-2018,2.774
16-07-2018,2.790
23-07-2018,2.754
30-07-2018,2.772
06-08-2018,2.781
13-08-2018,2.774
20-08-2018,2.755
27-08-2018,2.761
03-09-2018,2.759
10-09-2018,2.765
17-09-2018,2.771
24-09-2018,2.779
01-10-2018,2.796
08-10-2018,2.829
15-10-2018,2.806
22-10-2018,2.763
29-10-2018,2.732
05-11-2018,2.670
12-11-2018,2.604
19-11-2018,2.525
26-11-2018,2.445
03-12-2018,2.350
10-12-2018,2.325
17-12-2018,2.268
24-12-2018,2.216
31-12-2018,2.156
07-01-2019,2.128
14-01-2019,2.143
21-01-2019,2.147
28-01-2019,2.162
04-02-2019,2.162
11-02-2019,2.187
18-02-2019,2.230
25-02-2019,2.311
04-03-2019,2.352
11-03-2019,2.399
18-03-2019,2.477
25-03-2019,2.544
01-04-2019,2.611
08-04-2019,2.650
15-04-2019,2.725
22-04-2019,2.723
29-04-2019,2.761
06-05-2019,2.771
13-05-2019,2.735
20-05-2019,2.723
27-05-2019,2.696
03-06-2019,2.691
10-06-2019,2.620
17-06-2019,2.553
24-06-2019,2.541
01-07-2019,2.608
08-07-2019,2.644
15-07-2019,2.682
22-07-2019,2.653
29-07-2019,2.615
05-08-2019,2.588
12-08-2019,2.524
19-08-2019,2.501
26-08-2019,2.471
02-09-2019,2.461
09-09-2019,2.450
16-09-2019,2.454
23-09-2019,2.561
30-09-2019,2.518
07-10-2019,2.513
14-10-2019,2.495
21-10-2019,2.512
28-10-2019,2.469
04-11-2019,2.485
11-11-2019,2.493
18-11-2019,2.473
25-11-2019,2.469
02-12-2019,2.485
09-12-2019,2.478
16-12-2019,2.448
23-12-2019,2.447
30-12-2019,2.488
06-01-2020,2.494
13-01-2020,2.482
20-01-2020,2.448
27-01-2020,2.412
03-02-2020,2.358
10-02-2020,2.324
17-02-2020,2.337
24-02-2020,2.373
02-03-2020,2.324
09-03-2020,2.272
16-03-2020,2.139
23-03-2020,2.007
30-03-2020,1.886
06-04-2020,1.800
13-04-2020,1.735
20-04-2020,1.694
27-04-2020,1.655
04-05-2020,1.680
11-05-2020,1.750
18-05-2020,1.776
25-05-2020,1.870
01-06-2020,1.883
08-06-2020,1.947
15-06-2020,2.017
22-06-2020,2.048
29-06-2020,2.094
06-07-2020,2.100
13-07-2020,2.113
20-07-2020,2.099
27-07-2020,2.085
03-08-2020,2.085
10-08-2020,2.078
17-08-2020,2.077
24-08-2020,2.090
31-08-2020,2.135
07-09-2020,2.122
14-09-2020,2.091
21-09-2020,2.078
28-09-2020,2.088
05-10-2020,2.091
12-10-2020,2.084
19-10-2020,2.064
26-10-2020,2.053
02-11-2020,2.021
09-11-2020,2.004
16-11-2020,2.018
23-11-2020,2.009
30-11-2020,2.022
07-12-2020,2.063
14-12-2020,2.063
21-12-2020,2.137
28-12-2020,2.158
04-01-2021,2.160
11-01-2021,2.232
18-01-2021,2.285
25-01-2021,2.298
01-02-2021,2.316
08-02-2021,2.372
15-02-2021,2.409
22-02-2021,2.549
01-03-2021,2.625
08-03-2021,2.684
15-03-2021,2.766
22-03-2021,2.780
29-03-2021,2.771
05-04-2021,2.777
12-04-2021,2.763
19-04-2021,2.767
26-04-2021,2.776
03-05-2021,2.790
10-05-2021,2.860
17-05-2021,2.928
24-05-2021,2.920
31-05-2021,2.927
07-06-2021,2.935
14-06-2021,2.970
21-06-2021,2.961
28-06-2021,2.990
05-07-2021,3.032
12-07-2021,3.039
19-07-2021,3.061
26-07-2021,3.044
02-08-2021,3.059
09-08-2021,3.081
16-08-2021,3.079
23-08-2021,3.048
30-08-2021,3.041
06-09-2021,3.080
13-09-2021,3.068
20-09-2021,3.094
27-09-2021,3.080
04-10-2021,3.093
11-10-2021,3.173
18-10-2021,3.225
25-10-2021,3.279
01-11-2021,3.280
08-11-2021,3.294
15-11-2021,3.277
22-11-2021,3.271
29-11-2021,3.253
06-12-2021,3.204
13-12-2021,3.178
20-12-2021,3.154
27-12-2021,3.136
03-01-2022,3.141
10-01-2022,3.164
17-01-2022,3.182
24-01-2022,3.199
31-01-2022,3.249
07-02-2022,3.330
14-02-2022,3.372
21-02-2022,3.410
28-02-2022,3.486
07-03-2022,3.963
14-03-2022,4.180
21-03-2022,4.091
28-03-2022,4.078
04-04-2022,4.021
11-04-2022,3.943
18-04-2022,3.915
25-04-2022,3.959
02-05-2022,4.031
09-05-2022,4.161
16-05-2022,4.320
23-05-2022,4.410
30-05-2022,4.439
06-06-2022,4.702
13-06-2022,4.844
20-06-2022,4.798
27-06-2022,4.710
04-07-2022,4.619
11-07-2022,4.501
18-07-2022,4.350
25-07-2022,4.183
01-08-2022,4.034
08-08-2022,3.879
15-08-2022,3.780
22-08-2022,3.724
29-08-2022,3.691
05-09-2022,3.617
12-09-2022,3.551
19-09-2022,3.513
26-09-2022,3.569
03-10-2022,3.592
10-10-2022,3.723
17-10-2022,3.692
24-10-2022,3.609
31-10-2022,3.570
07-11-2022,3.628
14-11-2022,3.606
21-11-2022,3.498
28-11-2022,3.389
05-12-2022,3.260
12-12-2022,3.109
19-12-2022,2.994
26-12-2022,2.971
02-01-2023,3.123
09-01-2023,3.167
16-01-2023,3.225
23-01-2023,3.340
30-01-2023,3.417
06-02-2023,3.362
13-02-2023,3.311
20-02-2023,3.293
27-02-2023,3.250
06-03-2023,3.288
13-03-2023,3.350
20-03-2023,3.321
27-03-2023,3.304
03-04-2023,3.384
10-04-2023,3.493
17-04-2023,3.553
24-04-2023,3.542
01-05-2023,3.480
08-05-2023,3.407
15-05-2023,3.415
22-05-2023,3.416
29-05-2023,3.443
05-06-2023,3.414
12-06-2023,3.475
19-06-2023,3.449
26-06-2023,3.445
03-07-2023,3.397
10-07-2023,3.420
17-07-2023,3.438
24-07-2023,3.479
31-07-2023,3.650
07-08-2023,3.731
14-08-2023,3.746
21-08-2023,3.746
28-08-2023,3.684
04-09-2023,3.680
11-09-2023,3.692
18-09-2023,3.724
25-09-2023,3.663
02-10-2023,3.598
09-10-2023,3.506
16-10-2023,3.404
23-10-2023,3.369
30-10-2023,3.320
06-11-2023,3.245
13-11-2023,3.212
20-11-2023,3.144
27-11-2023,3.088
04-12-2023,3.104
11-12-2023,3.014
18-12-2023,2.931
25-12-2023,3.005
01-01-2024,2.966
